[
  {
    "certificate_id": "bb28658edc4c9f2d359112c61321622da6aea6ac6c0ae10814eb4f2fd0a45010",
    "uid": "1",
    "candidate_name": "Nguyễn Ngọc Dũng",
    "course_name": "Toán tin",
    "org_name": "ĐẠI HỌC KHOA HỌC TỰ NHIÊN",
    "ipfs_hash": "Qmdv7nK1eV9Ke9zigbnst3p5NMmkxnywYtPnjWGucDGdHF"
  },
  {
    "certificate_id": "6c7747aab555c972913cab6758ef35a8ddbabdd728be1cee203c0965807e1f63",
    "uid": "2",
    "candidate_name": "Nguyen Thanh Tuan",
    "course_name": "Toan hoc",
    "org_name": "ĐẠI HỌC KHOA HỌC TỰ NHIÊN",
    "ipfs_hash": "Qmavi2doCDmJ8gLtRdbwivMuCwbirKu7ntwPR9XopTApzS"
  },
  {
    "certificate_id": "8712f571d2e05f13a78d5910e1683943f7f169e9cd55be342aa6c918faf2da57",
    "uid": "3",
    "candidate_name": "Nguyễn Tuấn Thành",
    "course_name": "SOLUTION",
    "org_name": "ĐẠI HỌC KHOA HỌC TỰ NHIÊN",
    "ipfs_hash": "QmcfJc9dKrCvFokp68ds5PkGTNRNSXYsDhzSuANKoTwHqi"
  },
  {
    "certificate_id": "e8a2e746e56fc41dc68a095e65f9359cfe5cee3f248886b891bf97ed5c693780",
    "uid": "4",
    "candidate_name": "Dung",
    "course_name": "toan hoc",
    "org_name": "ĐẠI HỌC KHOA HỌC TỰ NHIÊN",
    "ipfs_hash": "QmcqYBjSjfQwhCvJ95xtCRxDioustXtKUc9hn7NEKae8pz"
  },
  {
    "certificate_id": "828d2441a1b187d13d697f729396674f33e387d9fa0fef456fe8d8be7e51adf1",
    "uid": "5",
    "candidate_name": "Nguyễn Ngọc Dũng",
    "course_name": "Toán tin",
    "org_name": "ĐẠI HỌC KHOA HỌC TỰ NHIÊN",
    "ipfs_hash": "QmXcaDSZYemphnGN91xVK5WVrUccM8NScxiUg4HxUhEkrj"
  },
  {
    "certificate_id": "919b37d44fa2a222b3bcccf14c318c7266fee077d48ff09b2e79a7cbca9b8801",
    "uid": "6",
    "candidate_name": "Nguyen NGoc Dung",
    "course_name": "Toan tin",
    "org_name": "ĐẠI HỌC KHOA HỌC TỰ NHIÊN",
    "ipfs_hash": "QmPJ573kZvS2b1FKKwXGT1KFkkEFArg6GddL7fM6ukRr8q"
  },
  {
    "certificate_id": "92f6a4a4fc3d24058fc14cecb64048c85c9c6cba8f344b68e09e1c828be06282",
    "uid": "7",
    "candidate_name": "Doan Duc Manh",
    "course_name": "Toan tin",
    "org_name": "ĐẠI HỌC KHOA HỌC TỰ NHIÊN",
    "ipfs_hash": "QmNpTW5zMKN6w7i8y3sfbz9AdgVYFkoswXrB816mYtsVF4"
  }
]